{
  "project_info": {
    "project_number": "509132114078",
    "project_id": "todo-app-be480",
    "storage_bucket": "todo-app-be480.appspot.com"
  },
  "client": [
    {
      "client_info": {
        "mobilesdk_app_id": "1:509132114078:android:3c100d42a54e827c49d38f",
        "android_client_info": {
          "package_name": "com.example.to_do_app"
        }
      },
      "oauth_client": [],
      "api_key": [
        {
          "current_key": "AIzaSyCrSo27VZqguxdFvg2L1P928lGzfA0mCY0"
        }
      ],
      "services": {
        "appinvite_service": {
          "other_platform_oauth_client": []
        }
      }
    }
  ],
  "configuration_version": "1"
}